"baseMean","log2FoldChange","lfcSE","pvalue","padj","Significant","ensembl_gene_id","diffexpressed","stat","external_gene_name","description","gene_biotype","start_position","end_position","chromosome_name"
140.293257463653,1.11822485147607,0.43701413265676,0.000327397653001095,0.0277140425648659,TRUE,"ENSMUSG00000000983","Upregulated",2.55878418548616,"Wfdc18","WAP four-disulfide core domain 18 [Source:MGI Symbol;Acc:MGI:107506]","protein_coding",83599841,83602174,"11"
157.702681629733,1.19823449954255,0.36146925954234,3.38944570055269e-05,0.00456241617167839,TRUE,"ENSMUSG00000002228","Upregulated",3.31490014132776,"Ppm1j","protein phosphatase 1J [Source:MGI Symbol;Acc:MGI:1919137]","protein_coding",104688372,104693334,"3"
973.048118703226,1.06663699445282,0.237413137029163,3.02542370566747e-07,9.2006496471243e-05,TRUE,"ENSMUSG00000002500","Upregulated",4.49274630629137,"Rpl3l","ribosomal protein L3-like [Source:MGI Symbol;Acc:MGI:1913461]","protein_coding",24946794,24955117,"17"
239.029980767423,2.90049530407221,0.43552590956501,9.50820632412762e-13,1.73493071394249e-09,TRUE,"ENSMUSG00000002983","Upregulated",6.65975373765739,"Relb","avian reticuloendotheliosis viral (v-rel) oncogene related B [Source:MGI Symbol;Acc:MGI:103289]","protein_coding",19340142,19363363,"7"
541.957575090944,1.22396042602434,0.308105092651208,2.85672778885753e-06,0.000558490282721647,TRUE,"ENSMUSG00000004151","Upregulated",3.97254201640193,"Etv1","ets variant 1 [Source:MGI Symbol;Acc:MGI:99254]","protein_coding",38829379,38920483,"12"
135.658711262694,-1.35670293868405,0.376062281233081,1.13625072926211e-05,0.00176033108263607,TRUE,"ENSMUSG00000005107","Downregulated",-3.60765491884886,"Slc2a9","solute carrier family 2 (facilitated glucose transporter), member 9 [Source:MGI Symbol;Acc:MGI:2152844]","protein_coding",38506616,38660486,"5"
3558.21356330177,1.06323170156994,0.254390865408613,1.32373708823986e-06,0.000306174795254577,TRUE,"ENSMUSG00000005716","Upregulated",4.17951996767706,"Pvalb","parvalbumin [Source:MGI Symbol;Acc:MGI:97821]","protein_coding",78075314,78090600,"15"
7303.92944181336,1.41465784755367,0.264051715594511,3.70758758001608e-09,2.43544012956096e-06,TRUE,"ENSMUSG00000006457","Upregulated",5.35750295872373,"Actn3","actinin alpha 3 [Source:MGI Symbol;Acc:MGI:99678]","protein_coding",4911244,4927937,"19"
3250.66730580262,1.14788375380571,0.242035778435177,1.21443051807265e-07,4.24327190804022e-05,TRUE,"ENSMUSG00000007122","Upregulated",4.74262012511979,"Casq1","calsequestrin 1 [Source:MGI Symbol;Acc:MGI:1309468]","protein_coding",172037461,172047435,"1"
2224.60052123545,1.64235035362535,0.429514402095121,4.84148844580887e-06,0.000873702453374431,TRUE,"ENSMUSG00000009580","Upregulated",3.8237375641286,"Odam","odontogenic, ameloblast asssociated [Source:MGI Symbol;Acc:MGI:1916842]","protein_coding",88032888,88042033,"5"
245.382714196935,1.18874682729104,0.291189450770433,1.80129423527803e-06,0.000384166934178387,TRUE,"ENSMUSG00000010064","Upregulated",4.0823828752925,"Slc38a3","solute carrier family 38, member 3 [Source:MGI Symbol;Acc:MGI:1923507]","protein_coding",107527833,107546729,"9"
2258.46550821462,1.07846800089322,0.208853384618154,1.08831897206935e-08,5.76528198687834e-06,TRUE,"ENSMUSG00000011148","Upregulated",5.16375639717298,"Adss1","adenylosuccinate synthase 1 [Source:MGI Symbol;Acc:MGI:87947]","protein_coding",112586479,112607794,"12"
151330.495035313,1.77060872328526,0.332694700712755,4.53446172897318e-09,2.75796038937769e-06,TRUE,"ENSMUSG00000015519","Upregulated",5.32202262161665,"2310057J18Rik","RIKEN cDNA 2310057J18 gene [Source:MGI Symbol;Acc:MGI:1914969]","protein_coding",28848284,28862299,"10"
3969.47387154154,1.04572415394511,0.150635111257477,1.81422892734398e-13,4.25618106354899e-10,TRUE,"ENSMUSG00000016349","Upregulated",6.94210098306814,"Eef1a2","eukaryotic translation elongation factor 1 alpha 2 [Source:MGI Symbol;Acc:MGI:1096317]","protein_coding",180789446,180798807,"2"
10914.2164892214,1.01215615543058,0.250798701507175,2.31662615465286e-06,0.000463946764776943,TRUE,"ENSMUSG00000017300","Upregulated",4.03573124321629,"Tnnc2","troponin C2, fast [Source:MGI Symbol;Acc:MGI:98780]","protein_coding",164619081,164621887,"2"
11806.1032428437,1.02929353019399,0.215128097254353,7.80538484377011e-08,3.12634219279007e-05,TRUE,"ENSMUSG00000018893","Upregulated",4.78456112116785,"Mb","myoglobin [Source:MGI Symbol;Acc:MGI:96922]","protein_coding",76899687,76934870,"15"
1639.73454688091,1.21576428977638,0.288806700593713,1.13094368370618e-06,0.000269164596722071,TRUE,"ENSMUSG00000019787","Upregulated",4.20961247532374,"Trdn","triadin [Source:MGI Symbol;Acc:MGI:1924007]","protein_coding",32956550,33352705,"10"
54.0099266729218,1.76084647851664,0.77734982091204,0.000585467202506393,0.0427312995535999,TRUE,"ENSMUSG00000019913","Upregulated",2.26519184946965,"Sim1","single-minded family bHLH transcription factor 1 [Source:MGI Symbol;Acc:MGI:98306]","protein_coding",50770850,50865248,"10"
642.690874933037,1.19776111906447,0.203708937764064,1.89518919002893e-10,1.77292034195863e-07,TRUE,"ENSMUSG00000020216","Upregulated",5.87976714331364,"Jsrp1","junctional sarcoplasmic reticulum protein 1 [Source:MGI Symbol;Acc:MGI:1916700]","protein_coding",80644330,80649332,"10"
10839.5309116787,-1.05926079666466,0.184370860364035,4.2003719739506e-10,3.44892542781084e-07,TRUE,"ENSMUSG00000020326","Downregulated",-5.74527229830778,"Ccng1","cyclin G1 [Source:MGI Symbol;Acc:MGI:102890]","protein_coding",40639379,40646138,"11"
3001.33644627642,1.05831757582558,0.275623690128137,4.95460799734298e-06,0.000884397527525721,TRUE,"ENSMUSG00000020475","Upregulated",3.83971920314095,"Pgam2","phosphoglycerate mutase 2 [Source:MGI Symbol;Acc:MGI:1933118]","protein_coding",5751640,5753733,"11"
544.717276332895,1.29320326067065,0.299470062403525,6.45442503618491e-07,0.000165616512412857,TRUE,"ENSMUSG00000020722","Upregulated",4.31830564394815,"Cacng1","calcium channel, voltage-dependent, gamma subunit 1 [Source:MGI Symbol;Acc:MGI:1206582]","protein_coding",107594044,107607348,"11"
1898.51765037684,1.03450017853747,0.218587326366067,9.92816693488458e-08,3.62311905343721e-05,TRUE,"ENSMUSG00000021200","Upregulated",4.73266312249506,"Asb2","ankyrin repeat and SOCS box-containing 2 [Source:MGI Symbol;Acc:MGI:1929743]","protein_coding",103287401,103322260,"12"
113.273769291603,1.95849726072377,0.662472001899971,9.82916737480901e-05,0.0110557936047338,TRUE,"ENSMUSG00000022041","Upregulated",2.95634721936444,"Chrna2","cholinergic receptor nicotinic alpha 2 subunit [Source:MGI Symbol;Acc:MGI:87886]","protein_coding",66372488,66390397,"14"
339.355084970901,-1.05347474059873,0.285870850716149,8.44160618819803e-06,0.00139176637691672,TRUE,"ENSMUSG00000022074","Downregulated",-3.68514221705229,"Tnfrsf10b","tumor necrosis factor receptor superfamily, member 10b [Source:MGI Symbol;Acc:MGI:1341090]","protein_coding",70004921,70021860,"14"
288.621313439579,-1.26173855221288,0.285182117335222,3.85203767093345e-07,0.000107217224800117,TRUE,"ENSMUSG00000022385","Downregulated",-4.42432563444974,"Gtse1","G two S phase expressed protein 1 [Source:MGI Symbol;Acc:MGI:1352755]","protein_coding",85743946,85760774,"15"
137.819814290449,1.06547313865007,0.394672367455863,0.000227205891059974,0.0205009623241038,TRUE,"ENSMUSG00000022454","Upregulated",2.69963956564357,"Nell2","NEL-like 2 [Source:MGI Symbol;Acc:MGI:1858510]","protein_coding",94973111,95426440,"15"
11458.4263102787,1.01156029423424,0.169232986073072,1.05245126611105e-10,1.08020966825473e-07,TRUE,"ENSMUSG00000022548","Upregulated",5.9773234385728,"Apod","apolipoprotein D [Source:MGI Symbol;Acc:MGI:88056]","protein_coding",31115010,31133626,"16"
2549.84319921285,-1.29614143310781,0.177415933491149,1.26114139077595e-14,4.92646094124161e-11,TRUE,"ENSMUSG00000023067","Downregulated",-7.30566532330354,"Cdkn1a","cyclin dependent kinase inhibitor 1A [Source:MGI Symbol;Acc:MGI:104556]","protein_coding",29309950,29319701,"17"
26.5169581182775,2.7883229356774,0.778928614883424,1.59955009024193e-05,0.00243055322259753,TRUE,"ENSMUSG00000023267","Upregulated",3.57968995155571,"Gabrr2","gamma-aminobutyric acid type A receptor subunit rho 2 [Source:MGI Symbol;Acc:MGI:95626]","protein_coding",33062999,33095865,"4"
172.184127493736,1.25332313428434,0.341032142545183,9.29489563117687e-06,0.00151129481242759,TRUE,"ENSMUSG00000026308","Upregulated",3.67508799883369,"Klhl30","kelch-like 30 [Source:MGI Symbol;Acc:MGI:1918038]","protein_coding",91278738,91290138,"1"
1528.44503550015,1.45556236438255,0.195229438035554,4.22286728918133e-15,3.46739633114679e-11,TRUE,"ENSMUSG00000026407","Upregulated",7.45565002403723,"Cacna1s","calcium channel, voltage-dependent, L type, alpha 1S subunit [Source:MGI Symbol;Acc:MGI:88294]","protein_coding",135980488,136047560,"1"
60.6086053455411,-2.70013039082413,0.502634168095666,3.5825216031214e-09,2.43544012956096e-06,TRUE,"ENSMUSG00000026831","Downregulated",-5.37195949303275,"Pierce1","piercer of microtubule wall 1 [Source:MGI Symbol;Acc:MGI:1916577]","protein_coding",28352013,28356344,"2"
324.286140674501,1.22697692524557,0.364153278830765,2.73415019135703e-05,0.00383762516602266,TRUE,"ENSMUSG00000027470","Upregulated",3.36939689019193,"Mylk2","myosin, light polypeptide kinase 2, skeletal muscle [Source:MGI Symbol;Acc:MGI:2139434]","protein_coding",152753272,152764988,"2"
1975.03507932733,-1.12930190378896,0.174369477960127,4.51448554304874e-12,7.41368815879464e-09,TRUE,"ENSMUSG00000028893","Downregulated",-6.47648841414318,"Sesn2","sestrin 2 [Source:MGI Symbol;Acc:MGI:2651874]","protein_coding",132219343,132237812,"4"
1783.00001815468,2.34977197093587,0.365079719143069,5.60472819426495e-12,8.36734967329263e-09,TRUE,"ENSMUSG00000028972","Upregulated",6.43632567826926,"Car6","carbonic anhydrase 6 [Source:MGI Symbol;Acc:MGI:1333786]","protein_coding",150271472,150285789,"4"
9302.59002867994,1.88810875210953,0.41828230966336,2.90976807103391e-07,9.01588891745638e-05,TRUE,"ENSMUSG00000029281","Upregulated",4.51395793819037,"Smr2","submaxillary gland androgen regulated protein 2 [Source:MGI Symbol;Acc:MGI:102762]","protein_coding",88234415,88256912,"5"
31081.7518160898,1.17638437210015,0.23815674648282,3.26818061641664e-08,1.49083505785539e-05,TRUE,"ENSMUSG00000030399","Upregulated",4.93953830606691,"Ckm","creatine kinase, muscle [Source:MGI Symbol;Acc:MGI:88413]","protein_coding",19138701,19156766,"7"
1432.93149762218,1.15780204035678,0.281561086933737,1.60751623810162e-06,0.000347350416606643,TRUE,"ENSMUSG00000030433","Upregulated",4.1120811578244,"Sbk2","SH3-binding domain kinase family, member 2 [Source:MGI Symbol;Acc:MGI:2685925]","protein_coding",4943511,4967405,"7"
9639.34106141558,1.05850352324786,0.265575770071498,2.76489248649426e-06,0.000547048968833841,TRUE,"ENSMUSG00000030672","Upregulated",3.98569313368794,"Mylpf","myosin light chain, phosphorylatable, fast skeletal muscle [Source:MGI Symbol;Acc:MGI:97273]","protein_coding",126808062,126813470,"7"
35283.4795191945,1.11187012189028,0.188237789020154,1.94328133937738e-10,1.77292034195863e-07,TRUE,"ENSMUSG00000030730","Upregulated",5.9067317337181,"Atp2a1","ATPase, Ca++ transporting, cardiac muscle, fast twitch 1 [Source:MGI Symbol;Acc:MGI:105058]","protein_coding",126045030,126062280,"7"
10323.5180812146,1.14684080243334,0.19632026004168,2.51334363386616e-10,2.17232258712369e-07,TRUE,"ENSMUSG00000031097","Upregulated",5.8416833911582,"Tnni2","troponin I, skeletal, fast 2 [Source:MGI Symbol;Acc:MGI:105070]","protein_coding",141995545,141998147,"7"
2650.23395449063,1.11545685727927,0.237037372784222,1.10548772274781e-07,3.94659117020967e-05,TRUE,"ENSMUSG00000031461","Upregulated",4.70582695115627,"Myom2","myomesin 2 [Source:MGI Symbol;Acc:MGI:1328358]","protein_coding",15107653,15183541,"8"
142.711943462999,-1.07988659493778,0.390241173232173,0.000181499924809616,0.0175328927366089,TRUE,"ENSMUSG00000031886","Downregulated",-2.76722875239847,"Ces2e","carboxylesterase 2E [Source:MGI Symbol;Acc:MGI:2443170]","protein_coding",105652892,105661304,"8"
173.749387725469,1.10925230281576,0.489816612981336,0.000663024594535744,0.0473399560498521,TRUE,"ENSMUSG00000032204","Upregulated",2.26462776765399,"Aqp9","aquaporin 9 [Source:MGI Symbol;Acc:MGI:1891066]","protein_coding",71017941,71075964,"9"
100.570740729081,1.31618779614626,0.477678145383286,0.000187820962108934,0.0179325339520518,TRUE,"ENSMUSG00000032254","Upregulated",2.75538625509057,"Kif23","kinesin family member 23 [Source:MGI Symbol;Acc:MGI:1919069]","protein_coding",61823187,61854056,"9"
130.172550659963,1.2297308133555,0.454904386235012,0.000215903894553051,0.0196976319797234,TRUE,"ENSMUSG00000032419","Upregulated",2.70327315050376,"Tbx18","T-box18 [Source:MGI Symbol;Acc:MGI:1923615]","protein_coding",87584853,87613313,"9"
211.056315874642,1.37914631127929,0.397620910930326,1.94755008041682e-05,0.0028813213892437,TRUE,"ENSMUSG00000032495","Upregulated",3.46849542709526,"Lrrc2","leucine rich repeat containing 2 [Source:MGI Symbol;Acc:MGI:1921499]","protein_coding",110780613,110813134,"9"
924.676044668205,1.06194171905844,0.237997388715879,3.49490442206168e-07,9.8954000722581e-05,TRUE,"ENSMUSG00000032643","Upregulated",4.46198895201401,"Fhl3","four and a half LIM domains 3 [Source:MGI Symbol;Acc:MGI:1341092]","protein_coding",124594494,124602404,"4"
14337.2131557905,1.13391573419071,0.209402567011784,2.80055074470044e-09,2.04907992251246e-06,TRUE,"ENSMUSG00000032648","Upregulated",5.41500398190868,"Pygm","muscle glycogen phosphorylase [Source:MGI Symbol;Acc:MGI:97830]","protein_coding",6434429,6448489,"19"
651.114384401046,1.15418884349284,0.224000369346502,1.14718267920767e-08,5.88719811185888e-06,TRUE,"ENSMUSG00000033006","Upregulated",5.15262026960076,"Sox10","SRY (sex determining region Y)-box 10 [Source:MGI Symbol;Acc:MGI:98358]","protein_coding",79039108,79049440,"15"
328.948847686855,1.2871770341747,0.240683856766688,3.9065050555026e-09,2.46740869313322e-06,TRUE,"ENSMUSG00000033044","Upregulated",5.34799903685459,"Dhrs7c","dehydrogenase/reductase 7C [Source:MGI Symbol;Acc:MGI:1915710]","protein_coding",67689013,67706828,"11"
96.8618031468955,-1.35180726619785,0.446829741737222,8.16638941266207e-05,0.00944425682638989,TRUE,"ENSMUSG00000034394","Downregulated",-3.02532965004115,"Lif","leukemia inhibitory factor [Source:MGI Symbol;Acc:MGI:96787]","protein_coding",4207557,4222514,"11"
550.829933978834,-1.22679618890266,0.271794908477748,2.62614204875291e-07,8.29355860088852e-05,TRUE,"ENSMUSG00000034457","Downregulated",-4.51368348205498,"Eda2r","ectodysplasin A2 receptor [Source:MGI Symbol;Acc:MGI:2442860]","protein_coding",96377446,96420822,"X"
109.938494643456,-2.31373476810149,0.483153169985338,6.72843202012894e-08,2.83318745216814e-05,TRUE,"ENSMUSG00000034818","Downregulated",-4.78882249323067,"Celf5","CUGBP, Elav-like family member 5 [Source:MGI Symbol;Acc:MGI:2442333]","protein_coding",81295061,81318543,"10"
91.7020334462311,1.5082221588914,0.533098921808636,0.000151581331430298,0.0154612958058904,TRUE,"ENSMUSG00000035459","Upregulated",2.82916002488709,"Stab2","stabilin 2 [Source:MGI Symbol;Acc:MGI:2178743]","protein_coding",86677062,86843889,"10"
247.241101639272,-1.24836255409216,0.251881243358965,3.10054849800113e-08,1.45477735526213e-05,TRUE,"ENSMUSG00000037855","Downregulated",-4.95615527954606,"Zfp365","zinc finger protein 365 [Source:MGI Symbol;Acc:MGI:2143676]","protein_coding",67721933,67748492,"10"
1252.9571562323,1.69959327653768,0.388110228978771,4.81069380478394e-07,0.000127421312358325,TRUE,"ENSMUSG00000037953","Upregulated",4.37915094639425,"A4gnt","alpha-1,4-N-acetylglucosaminyltransferase [Source:MGI Symbol;Acc:MGI:2143261]","protein_coding",99494555,99504420,"9"
711.618308617231,-1.26022354234843,0.447639577676463,0.000151258290690768,0.0154612958058904,TRUE,"ENSMUSG00000038508","Downregulated",-2.81526389799981,"Gdf15","growth differentiation factor 15 [Source:MGI Symbol;Acc:MGI:1346047]","protein_coding",71082043,71085106,"8"
6076.31357482637,1.42255643772201,0.283982371418126,2.69768450390883e-08,1.30298161538797e-05,TRUE,"ENSMUSG00000038670","Upregulated",5.00931248168038,"Mybpc2","myosin binding protein C, fast-type [Source:MGI Symbol;Acc:MGI:1336170]","protein_coding",44151123,44174080,"7"
755.833804651324,1.28837140298428,0.188101876254671,3.53687678207625e-13,7.26032381440703e-10,TRUE,"ENSMUSG00000040694","Upregulated",6.8493277613029,"Apobec2","apolipoprotein B mRNA editing enzyme, catalytic polypeptide 2 [Source:MGI Symbol;Acc:MGI:1343178]","protein_coding",48726259,48739958,"17"
434.349639740676,1.53999332196101,0.295174514371896,7.89115248794483e-09,4.319616871901e-06,TRUE,"ENSMUSG00000041333","Upregulated",5.21722996728893,"Mup4","major urinary protein 4 [Source:MGI Symbol;Acc:MGI:97236]","protein_coding",59956804,59960710,"4"
43.033485926458,2.28946457484805,0.808643898802433,0.00015493878639079,0.0157062021611701,TRUE,"ENSMUSG00000042845","Upregulated",2.83123953354332,"Wfdc12","WAP four-disulfide core domain 12 [Source:MGI Symbol;Acc:MGI:2183434]","protein_coding",164031151,164032528,"2"
259.254348676165,1.11107289277652,0.269372684429221,1.55291350542123e-06,0.000340025941147032,TRUE,"ENSMUSG00000043795","Upregulated",4.12466800459294,"Prr33","proline rich 33 [Source:MGI Symbol;Acc:MGI:3642289]","protein_coding",142044811,142060508,"7"
722.216568520072,1.06107139275556,0.242123310936361,5.01608448519628e-07,0.00013075260224745,TRUE,"ENSMUSG00000044938","Upregulated",4.38235950372595,"Klhl31","kelch-like 31 [Source:MGI Symbol;Acc:MGI:3045305]","protein_coding",77543782,77567409,"9"
969.679934666696,1.07638002140331,0.221107185017963,4.92274837239482e-08,2.12740457293336e-05,TRUE,"ENSMUSG00000045667","Upregulated",4.86813678766641,"Smtnl2","smoothelin-like 2 [Source:MGI Symbol;Acc:MGI:2442764]","protein_coding",72279990,72302539,"11"
475.593735219016,1.67439032528509,0.426021052680216,3.25177727049719e-06,0.000600007711641628,TRUE,"ENSMUSG00000045744","Upregulated",3.93029948813806,"Bricd5","BRICHOS domain containing 5 [Source:MGI Symbol;Acc:MGI:2441766]","protein_coding",24692858,24694443,"17"
131.71102398881,1.50570774210726,0.380012816253802,3.00533759480551e-06,0.000567283379102254,TRUE,"ENSMUSG00000045868","Upregulated",3.96225516010395,"Gvin1","GTPase, very large interferon inducible 1 [Source:MGI Symbol;Acc:MGI:1921808]","protein_coding",105755763,105814533,"7"
165.810557483349,1.13943634775663,0.408069330751114,0.000169667730411836,0.0166843321486418,TRUE,"ENSMUSG00000047343","Upregulated",2.79226166215267,"Mettl21c","methyltransferase 21C, AARS1 lysine [Source:MGI Symbol;Acc:MGI:3611450]","protein_coding",44048568,44059194,"1"
679.275616269718,1.24250255497214,0.261249884099082,8.49100946690038e-08,3.31998470155805e-05,TRUE,"ENSMUSG00000048416","Upregulated",4.75599275098974,"Mlf1","myeloid leukemia factor 1 [Source:MGI Symbol;Acc:MGI:1341819]","protein_coding",67281430,67307336,"3"
733.849979521055,-1.2937028854148,0.287935763399647,2.57670586661742e-07,8.29355860088852e-05,TRUE,"ENSMUSG00000048458","Downregulated",-4.49302604907464,"Inka2","inka box actin regulator 2 [Source:MGI Symbol;Acc:MGI:1923497]","protein_coding",105611915,105628158,"3"
41.5606956246658,-2.6507480515197,0.779220053642654,2.48168797531249e-05,0.00351329999401567,TRUE,"ENSMUSG00000051050","Downregulated",-3.40179650039566,"Spink14","serine peptidase inhibitor, Kazal type 14 [Source:MGI Symbol;Acc:MGI:3646952]","protein_coding",44160936,44165484,"18"
1987.52794574495,1.00908514596496,0.191294048012658,6.07139961382454e-09,3.43808705028367e-06,TRUE,"ENSMUSG00000052374","Upregulated",5.27504727119472,"Actn2","actinin alpha 2 [Source:MGI Symbol;Acc:MGI:109192]","protein_coding",12284312,12355641,"13"
1890.91698842949,1.01489826411136,0.26018933946459,3.93267531252647e-06,0.000717582155358998,TRUE,"ENSMUSG00000054342","Upregulated",3.90061432263054,"Kcnn4","potassium intermediate/small conductance calcium-activated channel, subfamily N, member 4 [Source:MGI Symbol;Acc:MGI:1277957]","protein_coding",24069688,24086115,"7"
184.125567356829,-1.04217881862974,0.341297771042882,7.90127615733277e-05,0.00926819693255134,TRUE,"ENSMUSG00000054612","Downregulated",-3.05357639882974,"Mgmt","O-6-methylguanine-DNA methyltransferase [Source:MGI Symbol;Acc:MGI:96977]","protein_coding",136496343,136731995,"7"
5859.52554161983,1.46469544784313,0.309233573711156,8.88466479340781e-08,3.38932303465484e-05,TRUE,"ENSMUSG00000055775","Upregulated",4.73653436224634,"Myh8","myosin, heavy polypeptide 8, skeletal muscle, perinatal [Source:MGI Symbol;Acc:MGI:1339712]","protein_coding",67167950,67199460,"11"
39903.8675226933,1.14254597532249,0.225354528387139,1.78461485373579e-08,8.88089246304518e-06,TRUE,"ENSMUSG00000056328","Upregulated",5.06999341659423,"Myh1","myosin, heavy polypeptide 1, skeletal muscle, adult [Source:MGI Symbol;Acc:MGI:1339711]","protein_coding",67090878,67115401,"11"
338.80995977949,3.55407695545491,1.50549044825179,0.000342032026339373,0.0286442339250937,TRUE,"ENSMUSG00000057417","Upregulated",2.36074360988606,"Dcpp3","demilune cell and parotid protein 3 [Source:MGI Symbol;Acc:MGI:3646420]","protein_coding",24136432,24138415,"17"
3855.73647896313,1.40131945327094,0.339621314043769,1.50048243713588e-06,0.000332985440306019,TRUE,"ENSMUSG00000058499","Upregulated",4.12612340664327,"Pip","prolactin induced protein [Source:MGI Symbol;Acc:MGI:102696]","protein_coding",41824469,41828999,"6"
2150.82259791813,1.24935638658936,0.206818319423835,7.0848448116251e-11,8.31052296403624e-08,TRUE,"ENSMUSG00000059741","Upregulated",6.0408400477766,"Myl3","myosin, light polypeptide 3 [Source:MGI Symbol;Acc:MGI:97268]","protein_coding",110570929,110598866,"9"
1792.80721214474,1.08405098667204,0.171286544113278,1.16672780048195e-11,1.59666699495955e-08,TRUE,"ENSMUSG00000060550","Upregulated",6.32887418147168,"H2-Q7","histocompatibility 2, Q region locus 7 [Source:MGI Symbol;Acc:MGI:95936]","protein_coding",35658131,35662749,"17"
12629.3189469606,1.06374770827951,0.2320739388229,2.03685066560051e-07,6.82635951642686e-05,TRUE,"ENSMUSG00000060600","Upregulated",4.58365861188434,"Eno3","enolase 3, beta muscle [Source:MGI Symbol;Acc:MGI:95395]","protein_coding",70548028,70553339,"11"
5204.07232662531,1.0585136969399,0.144208855773328,1.20261225774205e-14,4.92646094124161e-11,TRUE,"ENSMUSG00000061462","Upregulated",7.3401435110456,"Obscn","obscurin, cytoskeletal calmodulin and titin-interacting RhoGEF [Source:MGI Symbol;Acc:MGI:2681862]","protein_coding",58885082,59029996,"11"
22969.3241607567,1.17799293496665,0.188047673507753,1.89753832079725e-11,2.39702879262557e-08,TRUE,"ENSMUSG00000061723","Upregulated",6.26433134211622,"Tnnt3","troponin T3, skeletal, fast [Source:MGI Symbol;Acc:MGI:109550]","protein_coding",142052573,142069746,"7"
14351.4168150893,1.09303998383773,0.244008386967009,3.26753767164948e-07,9.58205422211209e-05,TRUE,"ENSMUSG00000061816","Upregulated",4.47951809125938,"Myl1","myosin, light polypeptide 1 [Source:MGI Symbol;Acc:MGI:97269]","protein_coding",66963454,66984563,"1"
469.987313292221,1.02600348687753,0.376884683279656,0.000212967890956365,0.0195383167893041,TRUE,"ENSMUSG00000062713","Upregulated",2.72232736536075,"Sim2","single-minded family bHLH transcription factor 2 [Source:MGI Symbol;Acc:MGI:98307]","protein_coding",93885790,93927891,"16"
209171.952468879,1.58899583642143,0.293889932025359,2.86985983545162e-09,2.04907992251246e-06,TRUE,"ENSMUSG00000064156","Upregulated",5.40677193488997,"Prol1","proline rich, lacrimal 1 [Source:MGI Symbol;Acc:MGI:107496]","protein_coding",88465171,88476673,"5"
1874.34836002671,1.35230646964208,0.333239658112502,2.04590381097665e-06,0.0004307414408187,TRUE,"ENSMUSG00000066071","Upregulated",4.0580598278778,"Cyp4a12a","cytochrome P450, family 4, subfamily a, polypeptide 12a [Source:MGI Symbol;Acc:MGI:88612]","protein_coding",115156243,115190012,"4"
350.371942432327,1.93334008405556,0.593052178832584,3.71601211554166e-05,0.00496132934645732,TRUE,"ENSMUSG00000066583","Upregulated",3.25998310614307,"Scgb1b27","secretoglobin, family 1B, member 27 [Source:MGI Symbol;Acc:MGI:87862]","protein_coding",33720908,33722306,"7"
3206.39912114926,1.35216337507381,0.185468175643714,1.49995766083352e-14,4.92646094124161e-11,TRUE,"ENSMUSG00000068697","Upregulated",7.29054119598029,"Myoz1","myozenin 1 [Source:MGI Symbol;Acc:MGI:1929471]","protein_coding",20699175,20706608,"14"
203.569004613664,-1.14230250568612,0.355318713619756,4.60705947466109e-05,0.00586489385216159,TRUE,"ENSMUSG00000068744","Downregulated",-3.2148672780251,"Psrc1","proline/serine-rich coiled-coil 1 [Source:MGI Symbol;Acc:MGI:1913099]","protein_coding",108291155,108295547,"3"
290.92426189795,1.18932459104887,0.320677190580889,8.16948591263148e-06,0.00136897242507382,TRUE,"ENSMUSG00000069372","Upregulated",3.7087907278172,"Ctxn3","cortexin 3 [Source:MGI Symbol;Acc:MGI:3642816]","protein_coding",57601588,57611205,"18"
671.473574361635,1.41073274113935,0.203043396952894,1.79671184039239e-13,4.25618106354899e-10,TRUE,"ENSMUSG00000070385","Upregulated",6.94793705341053,"Ampd1","adenosine monophosphate deaminase 1 [Source:MGI Symbol;Acc:MGI:88015]","protein_coding",102981330,103007036,"3"
125.243921565858,1.21679225679048,0.438790342001692,0.000180962571835599,0.0175328927366089,TRUE,"ENSMUSG00000070425","Upregulated",2.77306070876507,"Xntrpc","Xndc1-transient receptor potential cation channel, subfamily C, member 2 readthrough [Source:MGI Symbol;Acc:MGI:5546370]","protein_coding",101714920,101746071,"7"
206.157038254121,1.32320576848813,0.364089568335099,1.0496557820756e-05,0.00167353856827626,TRUE,"ENSMUSG00000074001","Upregulated",3.63428640523502,"Klhl40","kelch-like 40 [Source:MGI Symbol;Acc:MGI:1919580]","protein_coding",121606673,121612884,"9"
2466.299340196,1.79473059357576,0.497179853009979,1.08323551213171e-05,0.00170372262125045,TRUE,"ENSMUSG00000074489","Upregulated",3.60982164243034,"Bglap3","bone gamma-carboxyglutamate protein 3 [Source:MGI Symbol;Acc:MGI:88155]","protein_coding",88275923,88280050,"3"
298.531743259468,1.38436542954485,0.412824262425736,2.86080506160146e-05,0.00396872785373241,TRUE,"ENSMUSG00000074892","Upregulated",3.35340132726304,"B3galt5","UDP-Gal:betaGlcNAc beta 1,3-galactosyltransferase, polypeptide 5 [Source:MGI Symbol;Acc:MGI:2136878]","protein_coding",96037001,96121059,"16"
243.913599670718,2.31223253165372,0.288962346208406,6.05511654966394e-17,9.94371239785811e-13,TRUE,"ENSMUSG00000078672","Upregulated",8.00184716795621,"Mup20","major urinary protein 20 [Source:MGI Symbol;Acc:MGI:3651981]","protein_coding",61968471,61972395,"4"
788.186223879466,1.16296730933648,0.204233321929765,5.55531140380504e-10,4.34425351777554e-07,TRUE,"ENSMUSG00000078937","Upregulated",5.69430736545734,"Cpt1b","carnitine palmitoyltransferase 1b, muscle [Source:MGI Symbol;Acc:MGI:1098297]","protein_coding",89300608,89310066,"15"
316.528511052696,1.5440018577485,0.291086320257142,4.89037840013646e-09,2.86820693168004e-06,TRUE,"ENSMUSG00000079278","Upregulated",5.3042748844554,"Tmem233","transmembrane protein 233 [Source:MGI Symbol;Acc:MGI:3651514]","protein_coding",116176814,116221303,"5"
40.1827524731229,8.8088422048784,2.78479705475579,1.29410146134624e-07,4.42744462463081e-05,TRUE,"ENSMUSG00000082016","Upregulated",3.16319000331997,"Pgam1-ps2","phosphoglycerate mutase 1, pseudogene 2 [Source:MGI Symbol;Acc:MGI:3645709]","processed_pseudogene",27169196,27169960,"7"
160.048079865615,2.00470677950283,0.448686232280823,3.14441361850995e-07,9.3886473533037e-05,TRUE,"ENSMUSG00000082644","Upregulated",4.46794805651208,"Mup-ps19","major urinary protein, pseudogene 19 [Source:MGI Symbol;Acc:MGI:3652149]","transcribed_unprocessed_pseudogene",61875386,61878148,"4"
60.7024713562709,3.11836344481121,1.40268376574471,0.000538648135568374,0.040576512304146,TRUE,"ENSMUSG00000082809","Upregulated",2.22314075414969,"Gm14150","predicted gene 14150 [Source:MGI Symbol;Acc:MGI:3651006]","processed_pseudogene",151300876,151302229,"2"
12.3669279486807,6.6379450707477,2.72648229461483,4.30978520367246e-05,0.00552931973552415,TRUE,"ENSMUSG00000089675","Upregulated",2.43461880675276,"Ugt1a8","UDP glucuronosyltransferase 1 family, polypeptide A8 [Source:MGI Symbol;Acc:MGI:3576090]","protein_coding",88015535,88146726,"1"
10.9789291811379,5.85148804194025,2.72536219192714,0.000192485540918636,0.0182716621558719,TRUE,"ENSMUSG00000090098","Upregulated",2.14704968729408,"Alms1-ps2","ALMS1, centrosome and basal body associated, pseudogene 2 [Source:MGI Symbol;Acc:MGI:3779593]","transcribed_unprocessed_pseudogene",85751375,85781039,"6"
124.789542070848,4.88220357780737,1.93873053448566,0.000204165734068816,0.0189424275981813,TRUE,"ENSMUSG00000094117","Upregulated",2.51824763213038,"Igkv3-12","immunoglobulin kappa variable 3-12 [Source:MGI Symbol;Acc:MGI:1330815]","IG_V_gene",70495234,70495833,"6"
28.7077252724085,2.91872440953568,1.0386599073801,0.000158598720474516,0.0159785778382362,TRUE,"ENSMUSG00000094689","Upregulated",2.81008671731425,"Ighv1-81","immunoglobulin heavy variable 1-81 [Source:MGI Symbol;Acc:MGI:4439635]","IG_V_gene",115883899,115884332,"12"
2492.95120711409,1.53299565853327,0.499046367122856,7.22340964112562e-05,0.00859585747293949,TRUE,"ENSMUSG00000095079","Upregulated",3.0718501516631,"Igha","immunoglobulin heavy constant alpha [Source:MGI Symbol;Acc:MGI:96444]","IG_C_gene",113218450,113223856,"12"
